SNP,CHR,POS,beta,SE,P.value
SNP003,1,30000,1.13529,0.1943,5.33629183406658e-07
SNP008,1,80000,0.81743,0.24422,0.0016141986882107
SNP007,1,70000,0.95084,0.32407,0.00534835345110493
SNP012,1,120000,-0.65121,0.22853,0.00669408855770441
SNP027,2,70000,0.72159,0.2554,0.00691150329388575
SNP031,2,110000,0.48795,0.19135,0.0141674851046694
SNP006,1,60000,0.62611,0.25734,0.0190103462838194
SNP009,1,90000,0.43943,0.19013,0.0253531706782215
SNP013,1,130000,-0.61867,0.28393,0.0343831166238338
SNP026,2,60000,0.5114,0.24805,0.0451788627075963
SNP017,1,170000,-0.47036,0.23254,0.0489413048047226
SNP024,2,40000,0.49521,0.24768,0.0514950160519406
SNP015,1,150000,-0.50719,0.25459,0.0525799231178948
SNP005,1,50000,0.47289,0.24192,0.0569859110005623
SNP033,2,130000,-0.38456,0.21087,0.0748506365179397
SNP025,2,50000,0.47169,0.25896,0.0753410844270384
SNP030,2,100000,0.51419,0.28395,0.0766993564865571
SNP014,1,140000,-0.43639,0.25064,0.088068483157664
SNP034,2,140000,-0.33972,0.21321,0.117781529447741
SNP029,2,90000,0.38241,0.25532,0.141026664725064
SNP038,2,180000,-0.24828,0.18209,0.179375105905305
SNP023,2,30000,0.33987,0.25024,0.181181126705519
SNP010,1,100000,-0.25777,0.21669,0.240456903347433
SNP022,2,20000,0.21101,0.1958,0.286912775146555
SNP035,2,150000,-0.21539,0.20204,0.29183712748695
SNP037,2,170000,-0.21569,0.20346,0.294396744770581
SNP001,1,10000,0.25916,0.269,0.34038396945803
SNP032,2,120000,0.18418,0.20571,0.375367141908442
SNP002,1,20000,0.22591,0.2734,0.412916521933917
SNP028,2,80000,0.21308,0.25817,0.413354627299563
SNP020,1,200000,0.11781,0.20932,0.576273011886436
SNP040,2,200000,0.1167,0.22374,0.604512418231058
SNP004,1,40000,0.12979,0.27156,0.635155854967852
SNP011,1,110000,-0.07816,0.25864,0.763951477394092
SNP036,2,160000,-0.05583,0.22864,0.80818141242426
SNP019,1,190000,-0.05077,0.21481,0.814241145062737
SNP016,1,160000,0.04288,0.22385,0.848931533597075
SNP039,2,190000,0.03931,0.21867,0.858141578615331
SNP018,1,180000,0.03837,0.22954,0.868012131122422
SNP021,2,10000,-0.03622,0.22719,0.874034015694994
